Month,Day,Year,thuc_test_goodwin_nhdplus_Total Streamflow [Mg],thuc_test_goodwin_nhdplus__Sediment: All: Total [Mg],thuc_test_goodwin_topagnps_Direct Runoff [Mg],thuc_test_goodwin_topagnps_Sediment: All: Total [Mg]
1,1,1990,3.008,0,25.199,0
1,2,1990,11.813,0,24.095,0
1,3,1990,1233.804,0.979,20318.822,28.307
1,4,1990,7028.291,5.914,55850.757,70.405
1,5,1990,15540.868,13.278,3314.385,7.225
1,6,1990,19085.926,16.412,41.784,0.031
1,7,1990,14832.151,12.662,5773.089,10.748
1,8,1990,9808.619,8.306,28.062,0
1,9,1990,4920.309,4.079,27.207,0
1,10,1990,1455.069,1.105,25.926,0
1,11,1990,756.506,0.564,24.577,0
1,12,1990,334.524,0.233,23.282,0
1,13,1990,50.892,0.008,22.093,0
1,14,1990,38.746,0,20.924,0
1,15,1990,36.576,0,19.77,0
1,16,1990,34.555,0,18.71,0
1,17,1990,3945.242,3.77,64248.302,84.745
1,18,1990,11818.644,11.376,402.058,2.586
1,19,1990,17210.86,16.588,4239.778,10.227
1,20,1990,20305.833,18.755,105399.168,107.129
1,21,1990,28930.532,25.424,22.21,0
1,22,1990,32306.413,27.652,22.864,0
1,23,1990,22003.401,18.54,22.323,0
1,24,1990,13728.409,11.523,96.275,0.058
1,25,1990,5711.033,4.755,20.834,0
1,26,1990,272.728,0.17,20.085,0
1,27,1990,70.414,0.008,19.196,0
1,28,1990,2875.773,2.566,47214.093,66.15
1,29,1990,10483.252,9.347,33268.941,47.374
1,30,1990,18067.139,15.966,20.353,0
1,31,1990,17733.105,15.485,20.46,0
2,1,1990,13750.735,11.997,24157.67,32.944
2,2,1990,27968.374,30.575,270148.219,404.096
2,3,1990,127951.008,218.149,1053552.15,2877.343
2,4,1990,284060.594,538.308,43.8,0
2,5,1990,353125.745,705.542,41.55,0
2,6,1990,260663.221,527.394,38.861,0
2,7,1990,156571.524,323.546,34.966,0
2,8,1990,59876.744,128.425,33.32,0.014
2,9,1990,22141.348,27.103,316220.994,444.309
2,10,1990,62133.78,69.63,31385.68,31.64
2,11,1990,91653.089,101.429,36.103,0
2,12,1990,73486.591,79.68,35.715,0
2,13,1990,47511.49,51.064,32.542,0
2,14,1990,21209.444,22.233,29.374,0
2,15,1990,9729.438,7.974,121538.828,128.645
2,16,1990,22596.58,18.791,27.29,0
2,17,1990,32189.517,26.804,27.623,0
2,18,1990,24518.174,20.408,26.685,0
2,19,1990,15520.913,12.905,24.901,0
2,20,1990,6523.587,5.403,23.395,0
2,21,1990,1071.917,0.789,13897.89,17.908
2,22,1990,6263.664,5.142,62533.671,73.577
2,23,1990,14887.121,12.564,21.682,0
2,24,1990,18936.822,16.216,21.713,0
2,25,1990,14085.217,12.091,21.005,0
2,26,1990,8562.912,7.378,20.062,0
2,27,1990,3336.016,2.887,18.778,0
2,28,1990,153.64,0.098,32.307,0.025
3,1,1990,5811.018,5.481,93599.538,112.986
3,2,1990,21148.049,19.877,63017.337,74.915
3,3,1990,36189.129,33.808,20.203,0
3,4,1990,35215.458,32.635,20.887,0
3,5,1990,24393.066,22.541,20.107,0
3,6,1990,12900.438,11.839,21.419,0
3,7,1990,20852.56,24.925,273504.671,419.148
3,8,1990,66379.441,82.409,226632.56,350.12
3,9,1990,117000.909,144.236,29.146,0
3,10,1990,117556.456,143.751,29.003,0
3,11,1990,82216.445,100.273,27.256,0.002
3,12,1990,44385.386,53.843,310.478,1.727
3,13,1990,12905.255,15.41,23.591,0
3,14,1990,584.824,0.695,94.369,0.08
3,15,1990,20526.185,28.25,320506.529,554.557
3,16,1990,61202.52,84.367,24.404,0
3,17,1990,87333.237,120.452,24.901,0
3,18,1990,66479.372,91.677,23.925,0
3,19,1990,42045.209,57.97,22.507,0
3,20,1990,17618.541,24.267,21.246,0
3,21,1990,630.762,0.816,19.71,0
3,22,1990,37.082,3.30E-06,17.958,0
3,23,1990,34.735,0,16.242,0
3,24,1990,32.433,0,14.427,0
3,25,1990,53.1,0.049,168.455,1.342
3,26,1990,124.494,0.2,201.079,1.508
3,27,1990,207.579,0.369,11.33,0
3,28,1990,2153.867,2.229,32592.844,45.221
3,29,1990,5984.833,5.803,57.134,0.069
3,30,1990,8577.786,8.205,1741.882,7.507
3,31,1990,6825.019,6.511,7.911,0
4,1,1990,4626.882,4.435,6.117,0
4,2,1990,2150.39,2.07,5.916,0
4,3,1990,358.163,0.354,5.504,0
4,4,1990,132.046,0.124,4.672,0
4,5,1990,376.808,0.57,5957.159,11.332
4,6,1990,11024.574,14.363,161009.568,277.746
4,7,1990,31368.917,40.423,4.941,0
4,8,1990,43808.06,56.146,6.002,0
4,9,1990,33210.104,42.51,5.816,0
4,10,1990,21915.419,27.592,18430.034,34.47
4,11,1990,11812.672,13.84,5.429,0
4,12,1990,4866.095,4.482,4.931,0
4,13,1990,3489.009,3.132,4.708,0
4,14,1990,2429.234,2.189,3747.455,10.573
4,15,1990,1585.686,1.453,3.922,0
4,16,1990,975.793,0.92,3.602,0
4,17,1990,797.637,0.771,1317.759,5.661
4,18,1990,686.849,0.705,3.317,0
4,19,1990,522.898,0.573,2.92,0
4,20,1990,426.29,0.405,2736.937,7.155
4,21,1990,2686.802,2.229,35562.956,46.764
4,22,1990,6874.001,5.728,2.191,0
4,23,1990,9266.168,7.789,2.474,0
4,24,1990,6988.545,5.886,2.101,0
4,25,1990,4353.052,3.678,1.53,0
4,26,1990,1777.036,1.507,17.173,0
4,27,1990,22810.988,32.866,360968.858,655.36
4,28,1990,69483.317,99.581,22283.296,34.154
4,29,1990,101263.812,144.093,4.52,0
4,30,1990,79620.611,111.983,5.815,0
5,1,1990,51065.836,71.448,264.373,0.826
5,2,1990,22321.377,30.725,284.042,0.839
5,3,1990,1881.16,1.978,4.017,0
5,4,1990,177.503,0.078,4.353,0
5,5,1990,104.223,0.032,3.458,0
5,6,1990,64.292,0.018,3.335,0
5,7,1990,29.906,0.006,2.962,0
5,8,1990,14.163,1.80E-04,2.439,0
5,9,1990,12.976,0,1.865,0
5,10,1990,12.079,0,1.772,0
5,11,1990,10.939,0,0.888,0
5,12,1990,17288.797,23.649,279481.004,494.909
5,13,1990,51845.915,70.947,0.868,0
5,14,1990,74086.944,101.388,1.25,0
5,15,1990,56408.885,77.194,1.203,0
5,16,1990,35673.404,48.815,0.635,0
5,17,1990,14937.806,20.436,0.42,0
5,18,1990,507.863,0.688,0.178,0
5,19,1990,4087.912,3.859,71966.851,97.258
5,20,1990,38667.396,44.616,420199.459,675.117
5,21,1990,100418.357,118.35,63834.16,77.689
5,22,1990,137577.415,162.308,3.584,0
5,23,1990,111638.153,128.42,22904.507,57.974
5,24,1990,73813.394,83.555,5.284,0
5,25,1990,35930.716,38.851,5.63,0
5,26,1990,8065.664,6.815,5.02,0
5,27,1990,3256.525,2.772,10315.359,14.967
5,28,1990,2703.761,2.318,4.094,0
5,29,1990,2337.353,2.008,3.962,0
5,30,1990,1762.645,1.508,196.48,0.702
5,31,1990,7233.314,5.992,103361.248,124.199
6,1,1990,18825.961,15.561,616.333,3.882
6,2,1990,26282.945,21.759,5.696,0
6,3,1990,20913.426,17.289,15466.431,13.687
6,4,1990,15256.352,12.438,5.711,0
6,5,1990,8990.812,7.134,5.668,0
6,6,1990,2993.147,2.229,4.025,0
6,7,1990,1769.62,1.288,3.432,0
6,8,1990,748.844,0.539,2.626,0
6,9,1990,40.931,0.018,64.308,0.012
6,10,1990,19.746,1.40E-04,2.289,0
6,11,1990,21.666,2.00E-04,2.174,0
6,12,1990,18.486,1.50E-04,1.681,0
6,13,1990,14.767,9.50E-05,1.491,0
6,14,1990,10.959,4.00E-05,1.281,0
6,15,1990,30.392,0.049,353.127,1.377
6,16,1990,74.202,0.146,1.009,0
6,17,1990,102.232,0.208,0.666,0
6,18,1990,78.487,0.158,0.429,0
6,19,1990,50.909,0.1,0.165,0
6,20,1990,28.24,0.042,87.76,0.011
6,21,1990,257.895,0.156,4822.178,8.9
6,22,1990,1343.871,0.91,12009.798,13.877
6,23,1990,2851.269,2.001,0.055,0
6,24,1990,3375.801,2.418,0.053,0
6,25,1990,2466.423,1.776,0.04,0
6,26,1990,1452.125,1.055,0,0
6,27,1990,528.944,0.39,0,0
6,28,1990,18.604,0.013,0,0
6,29,1990,0.791,0,0,0
6,30,1990,0.577,0,0,0
7,1,1990,0.454,0,0,0
7,2,1990,0.375,0,0,0
7,3,1990,0.322,0,0,0
7,4,1990,0.278,0,0,0
7,5,1990,0.221,0,0,0
7,6,1990,0.153,0,0,0
7,7,1990,0.099,0,0,0
7,8,1990,0.065,0,0,0
7,9,1990,0.046,0,0,0
7,10,1990,2.002,8.90E-05,43.668,0.006
7,11,1990,5.926,2.70E-04,0,0
7,12,1990,1305.302,0.55,23674.594,13.384
7,13,1990,4431.56,1.972,9061.594,7.369
7,14,1990,7167.661,3.323,0,0
7,15,1990,6526.647,3.173,0,0
7,16,1990,4421.878,2.184,0,0
7,17,1990,2224.109,1.139,0,0
7,18,1990,499.652,0.294,0,0
7,19,1990,15.541,0.009,0,0
7,20,1990,0,0,0,0
7,21,1990,0,0,0,0
7,22,1990,48.174,0.021,858.585,1.516
7,23,1990,450.636,0.225,5423.358,5.148
7,24,1990,1124.876,0.574,0,0
7,25,1990,1469.625,0.759,0,0
7,26,1990,1098.642,0.569,0,0
7,27,1990,673.495,0.351,0,0
7,28,1990,265.928,0.14,0,0
7,29,1990,8.899,0.005,0,0
7,30,1990,613.5,0.279,10117.042,6.133
7,31,1990,1862.514,0.839,421.589,0.025
8,1,1990,2852.515,1.266,2843.414,2.101
8,2,1990,2829.441,1.233,4522.101,4.353
8,3,1990,2799.261,1.226,0,0
8,4,1990,2216.194,0.982,0,0
8,5,1990,1220.159,0.544,0,0
8,6,1990,679.982,0.31,0,0
8,7,1990,232.412,0.108,0,0
8,8,1990,7.666,0.004,0,0
8,9,1990,0,0,0,0
8,10,1990,0,0,0,0
8,11,1990,0,0,0,0
8,12,1990,0,0,0,0
8,13,1990,598.946,0.283,10125.392,6.41
8,14,1990,1796.837,0.848,0,0
8,15,1990,2567.805,1.212,0,0
8,16,1990,1955.046,0.923,0,0
8,17,1990,1236.311,0.583,0,0
8,18,1990,517.576,0.244,0,0
8,19,1990,17.413,0.008,0,0
8,20,1990,0,0,0,0
8,21,1990,0,0,0,0
8,22,1990,0,0,0,0
8,23,1990,0,0,0,0
8,24,1990,0,0,0,0
8,25,1990,0,0,0,0
8,26,1990,0,0,0,0
8,27,1990,0,0,0,0
8,28,1990,0,0,0,0
8,29,1990,0,0,0,0
8,30,1990,0,0,0,0
8,31,1990,0,0,0,0
9,1,1990,0,0,0,0
9,2,1990,0,0,0,0
9,3,1990,0,0,0,0
9,4,1990,0,0,0,0
9,5,1990,0,0,0,0
9,6,1990,0,0,0,0
9,7,1990,0,0,0,0
9,8,1990,0,0,0,0
9,9,1990,0,0,0,0
9,10,1990,213.323,0.111,3547.336,4.569
9,11,1990,2264.919,0.897,28442.778,12.016
9,12,1990,6011.197,2.28,4521.514,4.34
9,13,1990,8328.177,3.118,0,0
9,14,1990,6695.253,2.554,0,0
9,15,1990,4262.423,1.629,0,0
9,16,1990,1868.198,0.724,0,0
9,17,1990,238.898,0.115,0,0
9,18,1990,6.448,0.003,0,0
9,19,1990,0,0,0,0
9,20,1990,0.035,0,0,0
9,21,1990,168.815,0.042,3355.17,2.572
9,22,1990,506.282,0.127,0,0
9,23,1990,723.414,0.182,0,0
9,24,1990,550.77,0.139,0,0
9,25,1990,348.275,0.088,0,0
9,26,1990,145.792,0.037,0,0
9,27,1990,4.905,0.001,0,0
9,28,1990,0,0,0,0
9,29,1990,0,0,0,0
9,30,1990,0,0,0,0
10,1,1990,0,0,0,0
10,2,1990,3.377,3.10E-04,44.88,0.007
10,3,1990,1353.088,0.36,23652.466,15.435
10,4,1990,15128.765,4.932,180116.673,104.223
10,5,1990,39024.835,13.102,0,0
10,6,1990,51916.139,17.695,0,0
10,7,1990,41145.535,13.789,36236.864,19.103
10,8,1990,31051.714,9.822,7578.249,7.261
10,9,1990,21766.427,6.039,24088.948,9.423
10,10,1990,13660.143,2.993,0,0
10,11,1990,12084.778,2.461,0,0
10,12,1990,7464.639,1.478,0,0
10,13,1990,3390.426,0.625,0,0
10,14,1990,1242.739,0.205,0,0
10,15,1990,41.385,0.007,0,0
10,16,1990,6.20E-04,0,0,0
10,17,1990,0,0,0,0
10,18,1990,3.901,3.70E-04,75.125,0.014
10,19,1990,11.702,0.001,0,0
10,20,1990,16.723,0.002,0,0
10,21,1990,1282.715,0.397,22282.169,16.315
10,22,1990,3933.157,1.239,2413.777,2.233
10,23,1990,5793.522,1.851,0,0
10,24,1990,4639.225,1.512,0,0
10,25,1990,2997.32,0.985,0,0
10,26,1990,1335.152,0.448,0,0
10,27,1990,136.434,0.056,0,0
10,28,1990,3.348,0.001,0,0
10,29,1990,0,0,0,0
10,30,1990,0,0,0,0
10,31,1990,0,0,0,0
11,1,1990,0,0,0,0
11,2,1990,0,0,0,0
11,3,1990,0,0,0,0
11,4,1990,19.971,0.003,322.342,0.107
11,5,1990,1311.369,1.414,21676.538,40.625
11,6,1990,3839.99,4.226,0,0
11,7,1990,5430.443,6.03,0,0
11,8,1990,4126.161,4.59,0,0
11,9,1990,23739.368,21.272,334653.151,421.758
11,10,1990,64499.136,56.325,0.055,0
11,11,1990,90664.376,78.799,0,0
11,12,1990,69002.039,59.964,0,0
11,13,1990,43634.988,37.919,0,0
11,14,1990,18267.872,15.875,0,0
11,15,1990,614.903,0.534,0,0
11,16,1990,0.06,0,0,0
11,17,1990,0.05,0,0,0
11,18,1990,0.049,0,0,0
11,19,1990,0.049,0,0,0
11,20,1990,0.048,0,0,0
11,21,1990,0.047,0,0,0
11,22,1990,190.884,0.182,3093.775,15.587
11,23,1990,572.557,0.545,0,0
11,24,1990,818.203,0.78,0,0
11,25,1990,622.964,0.593,0,0
11,26,1990,393.959,0.375,0,0
11,27,1990,1178.536,1.457,18672.613,51.202
11,28,1990,9739.719,9.047,109440.689,128.339
11,29,1990,24425.68,21.002,0,0
11,30,1990,32004.606,26.293,0,0
12,1,1990,23940.651,19.471,0,0
12,2,1990,15265.063,12.363,10545.482,30.836
12,3,1990,26429.594,25.833,295850.075,423.909
12,4,1990,59343.484,61.265,0.976,0
12,5,1990,82889.343,85.555,1.171,0
12,6,1990,62870.235,64.877,1.473,0
12,7,1990,39506.1,40.752,1.469,0
12,8,1990,16350.563,16.853,1.176,0
12,9,1990,552.628,0.566,1.153,0
12,10,1990,2.734,0,1.083,0
12,11,1990,2.624,0,1.056,0
12,12,1990,2.563,0,0.968,0
12,13,1990,2.504,0,0.94,0
12,14,1990,2.44,0,0.729,0
12,15,1990,846.235,0.876,15436.135,37.8
12,16,1990,5163.44,4.515,45011.737,57.021
12,17,1990,44234.461,58.194,509331.449,1053.873
12,18,1990,114272.272,158.947,34803.599,57.139
12,19,1990,156824.788,222.08,4.545,0
12,20,1990,153810.434,216.987,498564.819,1002.513
12,21,1990,195014.867,269.767,353947.858,540.302
12,22,1990,240667.219,316.856,57553.576,53.801
12,23,1990,213971.758,261.864,24.778,0
12,24,1990,154383.493,181.788,23.995,0
12,25,1990,85419.045,95.717,22.96,0
12,26,1990,27565.771,26.131,21.603,0
12,27,1990,30428.15,4.195,417064.171,41.311
12,28,1990,80371.175,5.495,183.197,0.006
12,29,1990,114827.651,7.794,1927.132,0.453
12,30,1990,90543.691,8.532,46947.777,75.3
12,31,1990,64250.489,11.482,28.01,0
1,1,1991,35688.726,12.566,27.756,0
1,2,1991,10313.967,8.418,26.443,0
1,3,1991,5992.659,5.281,25.057,0
1,4,1991,2499.51,2.204,23.677,0
1,5,1991,147.347,0.083,78.694,0.489
1,6,1991,489.166,0.354,6402.341,13.079
1,7,1991,1428.621,1.143,2317.601,6.502
1,8,1991,2191.665,1.804,20.72,0
1,9,1991,1960.198,1.618,20.455,0
1,10,1991,6473.302,5.459,84340.454,113.373
1,11,1991,16117.798,13.652,21.782,0
1,12,1991,22252.039,18.856,22.056,0
1,13,1991,16854.152,14.272,21.684,0
1,14,1991,10669.654,9.023,20.955,0
1,15,1991,4490.272,3.778,20.145,0
1,16,1991,190.561,0.128,19.245,0
1,17,1991,39.895,0.001,18.323,0
1,18,1991,36.875,7.80E-04,17.532,0
1,19,1991,33.717,4.90E-04,16.769,0
1,20,1991,30.627,2.10E-04,16.076,0
1,21,1991,28.133,6.90E-06,15.446,0
1,22,1991,26.877,0,14.84,0
1,23,1991,25.743,0,14.08,0
1,24,1991,24.666,0,13.309,0
1,25,1991,23.63,0,12.656,0
1,26,1991,22.637,0,12.015,0
1,27,1991,22.073,6.40E-05,11.305,0
1,28,1991,21.936,1.90E-04,10.525,0
1,29,1991,21.58,2.80E-04,9.976,0
1,30,1991,20.404,2.10E-04,9.273,0
1,31,1991,19.209,1.30E-04,8.494,0
2,1,1991,18.048,5.60E-05,8.018,0
2,2,1991,17.04,1.90E-06,6.785,0
2,3,1991,16.332,0,4.913,0
2,4,1991,30.203,0.006,31.319,0.389
2,5,1991,26107.376,41.077,409955.306,909.087
2,6,1991,78223.083,123.205,2.93,0
2,7,1991,111738.126,176.052,3.472,0
2,8,1991,85071.287,134.038,3.877,0
2,9,1991,53795.355,84.759,3.539,0
2,10,1991,22524.704,35.482,3.386,0
2,11,1991,771.521,1.194,2.845,0
2,12,1991,13.91,0,2.643,0
2,13,1991,13.942,0,2.017,0
2,14,1991,14.298,0,1.449,0
2,15,1991,14.293,0,1.347,0
2,16,1991,13.23,0,0.809,0
2,17,1991,11138.454,10.514,179686.243,240.602
2,18,1991,170681.54,446.543,2074757.64,8645.378
2,19,1991,505612.09,1365.518,710091.297,1567.453
2,20,1991,763007.444,2039.832,22.155,0
2,21,1991,668453.086,1699.75,22.272,0
2,22,1991,461109.821,1133.73,280066.474,460.618
2,23,1991,267512.985,579.973,27.554,0
2,24,1991,120270.686,170.614,27.458,0
2,25,1991,59601.933,73.273,25.869,0
2,26,1991,36862.417,44.949,24.147,0
2,27,1991,15459.876,18.818,22.318,0
2,28,1991,564.495,0.633,20.32,0
3,1,1991,20769.734,29.025,326985.485,639.042
3,2,1991,62237.027,87.079,45.119,0.105
3,3,1991,97668.005,133.559,140655.99,210.457
3,4,1991,93925.357,122.092,23.848,0
3,5,1991,80264.65,98.984,23.885,0
3,6,1991,46453.178,54.828,21.693,0
3,7,1991,18660.585,19.653,19.681,0
3,8,1991,7593.789,7.878,191.069,0.231
3,9,1991,339.344,0.281,17.191,0
3,10,1991,103.115,0.023,15.881,0
3,11,1991,84.55,0.017,14.241,0
3,12,1991,113.033,0.079,827.841,4.579
3,13,1991,191.176,0.209,10.204,0
3,14,1991,239.79,0.293,9.151,0
3,15,1991,186.733,0.223,7.367,0
3,16,1991,125.604,0.141,6.84,0
3,17,1991,82.363,0.102,339.861,2.51
3,18,1991,75.026,0.13,5.541,0
3,19,1991,95.088,0.183,5.18,0
3,20,1991,75.677,0.139,4.694,0
3,21,1991,53.061,0.088,3.672,0
3,22,1991,4927.497,4.798,82327.062,120.177
3,23,1991,14705.491,14.285,2.537,0
3,24,1991,21007.173,20.413,2.049,0
3,25,1991,15995.815,15.542,1.672,0
3,26,1991,10118.215,9.828,1.474,0
3,27,1991,4586.956,4.443,6422.787,13.104
3,28,1991,9719.658,10.552,138629.382,220.431
3,29,1991,39380.151,43.914,199500.267,323.446
3,30,1991,74600.049,84.157,4.347,0
3,31,1991,81286.828,92.421,4.831,0
4,1,1991,58055.98,66.164,4.736,0
4,2,1991,32775.031,37.511,4.398,0
4,3,1991,11395.752,13.098,9750.204,15.281
4,4,1991,4628.05,4.752,46420.421,65.28
4,5,1991,10384.529,10.492,4.361,0
4,6,1991,13375.063,13.461,4.488,0
4,7,1991,11238.173,11.378,22051.506,34.225
4,8,1991,17269.431,19.175,122115.917,230.889
4,9,1991,29968.103,35.212,6.358,0
4,10,1991,35884.363,43.126,6.879,0
4,11,1991,27219.833,32.811,8769.237,17.856
4,12,1991,32317.769,39.968,232058.381,407.37
4,13,1991,70900.3,87.491,298800.225,476.047
4,14,1991,196066.059,342.158,1152719.98,3933.63
4,15,1991,355650.779,741.274,41.235,0.015
4,16,1991,415516.396,947.514,37.361,0
4,17,1991,297880.932,698.795,34.312,0
4,18,1991,190162.121,442.853,279885.789,448.764
4,19,1991,118624.284,229.894,35.445,0
4,20,1991,77707.233,92.062,35.183,0
4,21,1991,57518.474,65.772,79.301,0.102
4,22,1991,36423.844,41.602,30.904,0
4,23,1991,15319.536,17.43,28.523,0
4,24,1991,607.859,0.6,26.467,0
4,25,1991,77.329,0.009,24.445,0
4,26,1991,58.656,0.004,22.541,0
4,27,1991,39025.613,56.766,605845.295,1183.186
4,28,1991,199916.794,382.361,1264240.52,4354.942
4,29,1991,437967.24,911.528,345319.13,673.715
4,30,1991,548863.625,1190.363,57.278,0
5,1,1991,445585.948,946.441,51.973,0
5,2,1991,276788.057,591.138,46.142,0
5,3,1991,118334.653,250.941,241.485,2.125
5,4,1991,21596.026,33.965,206.137,1.38
5,5,1991,20172.578,26.29,304645.62,526.947
5,6,1991,58145.627,75.475,38.417,0
5,7,1991,82954.905,107.639,37.321,0
5,8,1991,72685.745,94.727,156435.267,327.955
5,9,1991,68973.077,90.591,6708.856,14.529
5,10,1991,60014.041,78.898,18403.57,41.551
5,11,1991,41436.169,52.747,74306.414,123.257
5,12,1991,42358.188,50.518,47704.515,80.296
5,13,1991,40846.395,45.267,165.896,1.737
5,14,1991,30103.811,30.934,209.364,0.132
5,15,1991,20050.914,20.321,3077.748,8.387
5,16,1991,10671.319,10.392,50.909,0.034
5,17,1991,11180.96,9.659,122277.22,146.966
5,18,1991,23497,20.196,726.152,3.116
5,19,1991,32880.775,28.337,40.814,0
5,20,1991,24979.223,21.522,38.545,0
5,21,1991,15732.779,13.546,35.755,0
5,22,1991,6649.222,5.689,33.181,0
5,23,1991,316.898,0.215,30.825,0
5,24,1991,58.822,0.001,41.745,0.036
5,25,1991,7124.802,6.75,116715.252,161.845
5,26,1991,21953.527,20.855,12039.945,18.355
5,27,1991,32436.44,30.758,29.164,0
5,28,1991,26098.113,24.637,28.663,0
5,29,1991,16904.223,15.917,27.343,0
5,30,1991,7587.414,7.089,25.811,0
5,31,1991,850.427,0.723,24.229,0
6,1,1991,62.431,0.018,22.704,0
6,2,1991,39.643,2.00E-05,21.229,0
6,3,1991,1056.191,0.752,17856.089,36.893
6,4,1991,3091.952,2.256,18.89,0
6,5,1991,4401.586,3.224,17.551,0
6,6,1991,3357.202,2.455,16.069,0
6,7,1991,2132.686,1.552,14.702,0
6,8,1991,908.273,0.65,12.991,0
6,9,1991,55.779,0.022,11.527,0
6,10,1991,24.659,0,10.579,0
6,11,1991,2240.646,0.858,39587.765,23.505
6,12,1991,7465.525,3.134,15357.029,25.653
6,13,1991,24221.286,15.469,202939.259,254.871
6,14,1991,47610.469,35.531,10.312,0
6,15,1991,59998.216,46.94,11.21,0
6,16,1991,44531.155,35.403,13932.916,17.142
6,17,1991,28440.367,22.897,12.365,0
6,18,1991,13893.05,10.926,11.356,0
6,19,1991,2817.955,1.949,11.201,0
6,20,1991,1563.337,1.047,10.618,0
6,21,1991,11075.201,3.911,171240.026,83.976
6,22,1991,32693.755,11.151,24821.524,18.175
6,23,1991,48921.435,17.043,13.58,0
6,24,1991,41216.963,14.944,19648.091,16.043
6,25,1991,29485.672,11.096,15.528,0
6,26,1991,16712.421,6.745,15.538,0
6,27,1991,5177.61,2.444,15.042,0
6,28,1991,2358.276,1.111,55.16,0.234
6,29,1991,992.805,0.46,13.337,0
6,30,1991,70.543,0.022,12.444,0
7,1,1991,34.153,0.005,11.628,0
7,2,1991,29.401,0.003,10.609,0
7,3,1991,335.303,0.136,5113.08,4.036
7,4,1991,1704.409,0.654,13631.878,11.177
7,5,1991,3606.02,1.327,8.034,0
7,6,1991,4254.573,1.511,7.402,0
7,7,1991,3112.183,1.094,6.814,0
7,8,1991,1836.87,0.632,6.096,0
7,9,1991,674.915,0.22,4.524,0
7,10,1991,37.508,0.007,3.465,0
7,11,1991,14.75,0,2.017,0
7,12,1991,13.791,0,1.188,0
7,13,1991,12.865,0,0.88,0
7,14,1991,11.962,0,0.513,0
7,15,1991,10.926,0,0.202,0
7,16,1991,9.753,0,0.193,0
7,17,1991,8.637,0,0.058,0
7,18,1991,3156.712,0.824,55730.908,27.187
7,19,1991,9482.048,2.475,547.454,0.344
7,20,1991,13590.911,3.544,0.041,0
7,21,1991,10404.496,2.707,0,0
7,22,1991,6595.911,1.715,0,0
7,23,1991,2782.507,0.721,0,0
7,24,1991,118.453,0.028,0,0
7,25,1991,289.383,0.018,6042.239,0.773
7,26,1991,861.113,0.055,0,0
7,27,1991,1229.579,0.078,0,0
7,28,1991,936.359,0.06,0,0
7,29,1991,592.437,0.038,0,0
7,30,1991,248.479,0.016,0,0
7,31,1991,9.034,5.30E-04,0,0
8,1,1991,0.518,0,0,0
8,2,1991,0.398,0,0,0
8,3,1991,0.32,0,0,0
8,4,1991,0.256,0,0,0
8,5,1991,0.181,0,0,0
8,6,1991,37.002,0.002,770.65,0.081
8,7,1991,110.724,0.005,0,0
8,8,1991,158.176,0.007,0,0
8,9,1991,697.91,0.176,11029.133,5.335
8,10,1991,1808.588,0.516,0,0
8,11,1991,2507.642,0.734,0,0
8,12,1991,1886.041,0.558,0,0
8,13,1991,1191.993,0.353,0,0
8,14,1991,499.021,0.148,0,0
8,15,1991,16.788,0.005,0,0
8,16,1991,0,0,0,0
8,17,1991,0,0,0,0
8,18,1991,0,0,0,0
8,19,1991,0,0,0,0
8,20,1991,0,0,0,0
8,21,1991,0,0,0,0
8,22,1991,0,0,0,0
8,23,1991,0,0,0,0
8,24,1991,0,0,0,0
8,25,1991,1.685,5.50E-05,37.43,0.005
8,26,1991,269.454,0.091,4474.805,3.021
8,27,1991,1952.769,0.578,22147.452,13.841
8,28,1991,4709.997,1.355,2237.877,2.842
8,29,1991,6148.63,1.756,0,0
8,30,1991,8426.325,2.409,60356.9,27.066
8,31,1991,14990.99,4.214,18611.563,8.458
9,1,1991,20170.57,5.64,0,0
9,2,1991,16797.922,4.696,0,0
9,3,1991,11164.075,3.112,0,0
9,4,1991,5457.739,1.522,32.739,0.007
9,5,1991,1080.622,0.302,8.443,0
9,6,1991,38.551,0.009,0,0
9,7,1991,5.248,0,0,0
9,8,1991,647.1,0.226,10514.829,5.254
9,9,1991,1932.449,0.679,0,0
9,10,1991,2759.469,0.971,0,0
9,11,1991,2100.705,0.739,0,0
9,12,1991,1328.414,0.467,0,0
9,13,1991,556.135,0.196,0.14,0
9,14,1991,18.71,0.007,0,0
9,15,1991,0,0,0,0
9,16,1991,0,0,0,0
9,17,1991,0,0,0,0
9,18,1991,0,0,0,0
9,19,1991,0,0,0,0
9,20,1991,0,0,0,0
9,21,1991,0,0,0,0
9,22,1991,0,0,0,0
9,23,1991,0,0,0,0
9,24,1991,5201.434,1.037,84099.976,21.519
9,25,1991,15604.303,3.112,0,0
9,26,1991,22299.627,4.447,0,0
9,27,1991,16978.24,3.386,0,0
9,28,1991,10736.518,2.141,0,0
9,29,1991,4494.797,0.896,0,0
9,30,1991,151.216,0.03,0,0
10,1,1991,0,0,0,0
10,2,1991,0,0,0,0
10,3,1991,0,0,0,0
10,4,1991,0,0,0,0
10,5,1991,0,0,0,0
10,6,1991,0,0,0,0
10,7,1991,0,0,0,0
10,8,1991,0,0,0,0
10,9,1991,0,0,0,0
10,10,1991,0,0,0,0
10,11,1991,0,0,0,0
10,12,1991,0,0,0,0
10,13,1991,0,0,0,0
10,14,1991,888.312,0.204,15369.576,4.173
10,15,1991,2664.936,0.613,0,0
10,16,1991,3808.377,0.876,0,0
10,17,1991,2899.579,0.667,0,0
10,18,1991,1833.605,0.422,0,0
10,19,1991,767.631,0.177,0,0
10,20,1991,25.825,0.006,0,0
10,21,1991,0,0,0,0
10,22,1991,0,0,0,0
10,23,1991,0,0,0,0
10,24,1991,0,0,0,0
10,25,1991,0,0,0,0
10,26,1991,3948.538,1.429,68261.863,28.942
10,27,1991,12067.907,4.37,3930.704,2.835
10,28,1991,17595.08,6.376,0,0
10,29,1991,17288.457,6.187,57853.779,19.944
10,30,1991,19308.846,6.765,1737.252,1.52
10,31,1991,20127.112,6.937,21791.649,8.495
11,1,1991,23511.101,7.895,131645.325,42.503
11,2,1991,36431.194,12.038,0,0
11,3,1991,41184.761,13.518,0,0
11,4,1991,28618.464,9.361,0,0
11,5,1991,17456.423,5.7,0,0
11,6,1991,6907.513,2.254,0,0
11,7,1991,298.667,0.14,1166.124,3.451
11,8,1991,201.112,0.194,0,0
11,9,1991,287.238,0.277,0,0
11,10,1991,218.779,0.211,0,0
11,11,1991,138.48,0.133,0,0
11,12,1991,58.179,0.056,0,0
11,13,1991,2.296,0.002,0,0
11,14,1991,0.343,0,0,0
11,15,1991,0.326,0,0,0
11,16,1991,0.3,0,0,0
11,17,1991,0.273,0,0,0
11,18,1991,0.252,0,0,0
11,19,1991,6391.509,5.484,108561.11,124.558
11,20,1991,33595.192,30.751,231471.216,278.772
11,21,1991,70664.815,66.407,0.432,0
11,22,1991,82690.185,79.202,0.299,0
11,23,1991,60267.949,57.993,0.367,0
11,24,1991,35293.23,34.254,0.366,0
11,25,1991,12650.609,12.516,0.362,0
11,26,1991,421.841,0.416,0.354,0
11,27,1991,2.323,0,0.285,0
11,28,1991,2.275,0,0.14,0
11,29,1991,2.222,0,0.135,0
11,30,1991,80662.677,129.493,1228243.98,2291.015
12,1,1991,317084.785,506.281,1148765.12,2161.708
12,2,1991,592065.705,933.974,331303.999,507.335
12,3,1991,648122.543,1003.94,16.612,0
12,4,1991,501474.636,760.733,18.78,0
12,5,1991,293136.226,437.988,18.051,0
12,6,1991,110521.267,158.003,16.999,0
12,7,1991,20329.197,25.381,35.251,0.006
12,8,1991,3662.004,3.476,49307.263,56.315
12,9,1991,13890.739,12.305,79264.286,88.753
12,10,1991,27410.341,24.024,20.017,0
12,11,1991,30558.657,26.507,20.43,0
12,12,1991,22653.618,19.496,11289.063,12.775
12,13,1991,22987.777,17.758,136517.709,109.322
12,14,1991,32410.136,22.217,23.984,0
12,15,1991,38502.289,25.356,24.463,0
12,16,1991,28947.142,19.018,23.557,0
12,17,1991,18036.529,11.821,22.468,0
12,18,1991,7359.892,4.794,21.357,0
12,19,1991,284.837,0.161,20.305,0
12,20,1991,37.002,0,19.29,0
12,21,1991,39.891,0.001,20.733,0
12,22,1991,160.782,0.118,1467.633,5.561
12,23,1991,624.491,0.555,3665.306,8.999
12,24,1991,1229.924,1.111,17.033,0
12,25,1991,1407.875,1.255,16.834,0
12,26,1991,1027.162,0.906,16.418,0
12,27,1991,636.023,0.533,159.709,0.491
12,28,1991,333.729,0.216,57.373,0.058
12,29,1991,201.724,0.061,14.806,0
12,30,1991,183.608,0.047,14.284,0
12,31,1991,133.046,0.031,13.891,0
